<annotation>
	<folder>trainingData</folder>
	<filename>good(2).jpg</filename>
	<path>/home/raspberry4/Shared/Bearing/usingImageComparison/trainingData/good(2).jpg</path>
	<source>
		<database>Unknown</database>
	</source>
	<size>
		<width>4000</width>
		<height>1800</height>
		<depth>3</depth>
	</size>
	<segmented>0</segmented>
	<object>
		<name>Good-WithBearing</name>
		<pose>Unspecified</pose>
		<truncated>0</truncated>
		<difficult>0</difficult>
		<bndbox>
			<xmin>2359</xmin>
			<ymin>855</ymin>
			<xmax>2723</xmax>
			<ymax>1238</ymax>
		</bndbox>
	</object>
	<object>
		<name>Good-WithBearing</name>
		<pose>Unspecified</pose>
		<truncated>0</truncated>
		<difficult>0</difficult>
		<bndbox>
			<xmin>1934</xmin>
			<ymin>833</ymin>
			<xmax>2287</xmax>
			<ymax>1210</ymax>
		</bndbox>
	</object>
	<object>
		<name>Good-WithBearing</name>
		<pose>Unspecified</pose>
		<truncated>0</truncated>
		<difficult>0</difficult>
		<bndbox>
			<xmin>1515</xmin>
			<ymin>810</ymin>
			<xmax>1837</xmax>
			<ymax>1197</ymax>
		</bndbox>
	</object>
	<object>
		<name>Good-WithBearing</name>
		<pose>Unspecified</pose>
		<truncated>0</truncated>
		<difficult>0</difficult>
		<bndbox>
			<xmin>1142</xmin>
			<ymin>805</ymin>
			<xmax>1442</xmax>
			<ymax>1183</ymax>
		</bndbox>
	</object>
</annotation>
