<annotation>
	<folder>trainingData</folder>
	<filename>NG(1).jpg</filename>
	<path>/home/raspberry4/Shared/Bearing/usingImageComparison/trainingData/NG(1).jpg</path>
	<source>
		<database>Unknown</database>
	</source>
	<size>
		<width>1800</width>
		<height>4000</height>
		<depth>3</depth>
	</size>
	<segmented>0</segmented>
	<object>
		<name>NG-NoBearing</name>
		<pose>Unspecified</pose>
		<truncated>0</truncated>
		<difficult>0</difficult>
		<bndbox>
			<xmin>956</xmin>
			<ymin>1550</ymin>
			<xmax>1473</xmax>
			<ymax>2004</ymax>
		</bndbox>
	</object>
	<object>
		<name>NG-NoBearing</name>
		<pose>Unspecified</pose>
		<truncated>0</truncated>
		<difficult>0</difficult>
		<bndbox>
			<xmin>844</xmin>
			<ymin>2025</ymin>
			<xmax>1327</xmax>
			<ymax>2429</ymax>
		</bndbox>
	</object>
	<object>
		<name>NG-NoBearing</name>
		<pose>Unspecified</pose>
		<truncated>0</truncated>
		<difficult>0</difficult>
		<bndbox>
			<xmin>806</xmin>
			<ymin>2463</ymin>
			<xmax>1194</xmax>
			<ymax>2867</ymax>
		</bndbox>
	</object>
	<object>
		<name>NG-NoBearing</name>
		<pose>Unspecified</pose>
		<truncated>0</truncated>
		<difficult>0</difficult>
		<bndbox>
			<xmin>660</xmin>
			<ymin>2892</ymin>
			<xmax>1077</xmax>
			<ymax>3204</ymax>
		</bndbox>
	</object>
</annotation>
