<annotation>
	<folder>trainingData</folder>
	<filename>ng.jpg</filename>
	<path>/home/raspberry4/Shared/Bearing/usingImageComparison/trainingData/ng.jpg</path>
	<source>
		<database>Unknown</database>
	</source>
	<size>
		<width>4000</width>
		<height>1800</height>
		<depth>3</depth>
	</size>
	<segmented>0</segmented>
	<object>
		<name>NG-NoBearing</name>
		<pose>Unspecified</pose>
		<truncated>0</truncated>
		<difficult>0</difficult>
		<bndbox>
			<xmin>2337</xmin>
			<ymin>816</ymin>
			<xmax>2748</xmax>
			<ymax>1235</ymax>
		</bndbox>
	</object>
	<object>
		<name>NG-NoBearing</name>
		<pose>Unspecified</pose>
		<truncated>0</truncated>
		<difficult>0</difficult>
		<bndbox>
			<xmin>1931</xmin>
			<ymin>747</ymin>
			<xmax>2287</xmax>
			<ymax>1219</ymax>
		</bndbox>
	</object>
	<object>
		<name>NG-NoBearing</name>
		<pose>Unspecified</pose>
		<truncated>0</truncated>
		<difficult>0</difficult>
		<bndbox>
			<xmin>1495</xmin>
			<ymin>722</ymin>
			<xmax>1856</xmax>
			<ymax>1219</ymax>
		</bndbox>
	</object>
	<object>
		<name>NG-NoBearing</name>
		<pose>Unspecified</pose>
		<truncated>0</truncated>
		<difficult>0</difficult>
		<bndbox>
			<xmin>1137</xmin>
			<ymin>699</ymin>
			<xmax>1437</xmax>
			<ymax>1191</ymax>
		</bndbox>
	</object>
</annotation>
