<annotation>
	<folder>images for training</folder>
	<filename>330818D4-39F1-46CB-BB16-132C4FE870C2 - Copy (2) - Copy - Copy.jpeg</filename>
	<path>/home/raspberry4/Shared/Bearing/usingImageComparison/images for training/330818D4-39F1-46CB-BB16-132C4FE870C2 - Copy (2) - Copy - Copy.jpeg</path>
	<source>
		<database>Unknown</database>
	</source>
	<size>
		<width>2448</width>
		<height>3264</height>
		<depth>3</depth>
	</size>
	<segmented>0</segmented>
	<object>
		<name>No Bearing - NG</name>
		<pose>Unspecified</pose>
		<truncated>0</truncated>
		<difficult>0</difficult>
		<bndbox>
			<xmin>839</xmin>
			<ymin>1782</ymin>
			<xmax>1201</xmax>
			<ymax>2116</ymax>
		</bndbox>
	</object>
	<object>
		<name>No Bearing - NG</name>
		<pose>Unspecified</pose>
		<truncated>0</truncated>
		<difficult>0</difficult>
		<bndbox>
			<xmin>1678</xmin>
			<ymin>1955</ymin>
			<xmax>2040</xmax>
			<ymax>2290</ymax>
		</bndbox>
	</object>
	<object>
		<name>No Bearing - NG</name>
		<pose>Unspecified</pose>
		<truncated>0</truncated>
		<difficult>0</difficult>
		<bndbox>
			<xmin>1255</xmin>
			<ymin>1871</ymin>
			<xmax>1617</xmax>
			<ymax>2206</ymax>
		</bndbox>
	</object>
	<object>
		<name>No Bearing - NG</name>
		<pose>Unspecified</pose>
		<truncated>0</truncated>
		<difficult>0</difficult>
		<bndbox>
			<xmin>447</xmin>
			<ymin>1711</ymin>
			<xmax>809</xmax>
			<ymax>2045</ymax>
		</bndbox>
	</object>
</annotation>
