<annotation>
	<folder>images for training</folder>
	<filename>330818D4-39F1-46CB-BB16-132C4FE870C2 - Copy (4) - Copy.jpeg</filename>
	<path>/home/raspberry4/Shared/Bearing/usingImageComparison/images for training/330818D4-39F1-46CB-BB16-132C4FE870C2 - Copy (4) - Copy.jpeg</path>
	<source>
		<database>Unknown</database>
	</source>
	<size>
		<width>2448</width>
		<height>3264</height>
		<depth>3</depth>
	</size>
	<segmented>0</segmented>
	<object>
		<name>No Bearing - NG</name>
		<pose>Unspecified</pose>
		<truncated>0</truncated>
		<difficult>0</difficult>
		<bndbox>
			<xmin>1668</xmin>
			<ymin>1957</ymin>
			<xmax>2030</xmax>
			<ymax>2291</ymax>
		</bndbox>
	</object>
	<object>
		<name>No Bearing - NG</name>
		<pose>Unspecified</pose>
		<truncated>0</truncated>
		<difficult>0</difficult>
		<bndbox>
			<xmin>456</xmin>
			<ymin>1721</ymin>
			<xmax>818</xmax>
			<ymax>2055</ymax>
		</bndbox>
	</object>
	<object>
		<name>No Bearing - NG</name>
		<pose>Unspecified</pose>
		<truncated>0</truncated>
		<difficult>0</difficult>
		<bndbox>
			<xmin>844</xmin>
			<ymin>1798</ymin>
			<xmax>1206</xmax>
			<ymax>2132</ymax>
		</bndbox>
	</object>
	<object>
		<name>No Bearing - NG</name>
		<pose>Unspecified</pose>
		<truncated>0</truncated>
		<difficult>0</difficult>
		<bndbox>
			<xmin>1265</xmin>
			<ymin>1892</ymin>
			<xmax>1627</xmax>
			<ymax>2226</ymax>
		</bndbox>
	</object>
</annotation>
