<annotation>
	<folder>images for training</folder>
	<filename>330818D4-39F1-46CB-BB16-132C4FE870C2 - Copy (2).jpeg</filename>
	<path>/home/raspberry4/Shared/Bearing/usingImageComparison/images for training/330818D4-39F1-46CB-BB16-132C4FE870C2 - Copy (2).jpeg</path>
	<source>
		<database>Unknown</database>
	</source>
	<size>
		<width>2448</width>
		<height>3264</height>
		<depth>3</depth>
	</size>
	<segmented>0</segmented>
	<object>
		<name>No Bearing - NG</name>
		<pose>Unspecified</pose>
		<truncated>0</truncated>
		<difficult>0</difficult>
		<bndbox>
			<xmin>1696</xmin>
			<ymin>1955</ymin>
			<xmax>2058</xmax>
			<ymax>2290</ymax>
		</bndbox>
	</object>
	<object>
		<name>No Bearing - NG</name>
		<pose>Unspecified</pose>
		<truncated>0</truncated>
		<difficult>0</difficult>
		<bndbox>
			<xmin>425</xmin>
			<ymin>1737</ymin>
			<xmax>787</xmax>
			<ymax>2071</ymax>
		</bndbox>
	</object>
	<object>
		<name>No Bearing - NG</name>
		<pose>Unspecified</pose>
		<truncated>0</truncated>
		<difficult>0</difficult>
		<bndbox>
			<xmin>830</xmin>
			<ymin>1785</ymin>
			<xmax>1192</xmax>
			<ymax>2120</ymax>
		</bndbox>
	</object>
	<object>
		<name>No Bearing - NG</name>
		<pose>Unspecified</pose>
		<truncated>0</truncated>
		<difficult>0</difficult>
		<bndbox>
			<xmin>1252</xmin>
			<ymin>1877</ymin>
			<xmax>1614</xmax>
			<ymax>2212</ymax>
		</bndbox>
	</object>
</annotation>
