<annotation>
	<folder>images for training</folder>
	<filename>330818D4-39F1-46CB-BB16-132C4FE870C2 - Copy.jpeg</filename>
	<path>/home/raspberry4/Shared/Bearing/usingImageComparison/images for training/330818D4-39F1-46CB-BB16-132C4FE870C2 - Copy.jpeg</path>
	<source>
		<database>Unknown</database>
	</source>
	<size>
		<width>2448</width>
		<height>3264</height>
		<depth>3</depth>
	</size>
	<segmented>0</segmented>
	<object>
		<name>No Bearing - NG</name>
		<pose>Unspecified</pose>
		<truncated>0</truncated>
		<difficult>0</difficult>
		<bndbox>
			<xmin>456</xmin>
			<ymin>1735</ymin>
			<xmax>818</xmax>
			<ymax>2069</ymax>
		</bndbox>
	</object>
	<object>
		<name>No Bearing - NG</name>
		<pose>Unspecified</pose>
		<truncated>0</truncated>
		<difficult>0</difficult>
		<bndbox>
			<xmin>840</xmin>
			<ymin>1775</ymin>
			<xmax>1202</xmax>
			<ymax>2109</ymax>
		</bndbox>
	</object>
	<object>
		<name>No Bearing - NG</name>
		<pose>Unspecified</pose>
		<truncated>0</truncated>
		<difficult>0</difficult>
		<bndbox>
			<xmin>1286</xmin>
			<ymin>1880</ymin>
			<xmax>1648</xmax>
			<ymax>2214</ymax>
		</bndbox>
	</object>
	<object>
		<name>No Bearing - NG</name>
		<pose>Unspecified</pose>
		<truncated>0</truncated>
		<difficult>0</difficult>
		<bndbox>
			<xmin>1698</xmin>
			<ymin>1971</ymin>
			<xmax>2060</xmax>
			<ymax>2305</ymax>
		</bndbox>
	</object>
</annotation>
