<annotation>
	<folder>images for training</folder>
	<filename>929BBC67-A48F-4C24-9700-A7BBA6B6AD6B - Copy (3) - Copy - Copy.jpeg</filename>
	<path>/home/raspberry4/Shared/Bearing/usingImageComparison/images for training/929BBC67-A48F-4C24-9700-A7BBA6B6AD6B - Copy (3) - Copy - Copy.jpeg</path>
	<source>
		<database>Unknown</database>
	</source>
	<size>
		<width>2448</width>
		<height>3264</height>
		<depth>3</depth>
	</size>
	<segmented>0</segmented>
	<object>
		<name>With Bearing - Good</name>
		<pose>Unspecified</pose>
		<truncated>0</truncated>
		<difficult>0</difficult>
		<bndbox>
			<xmin>866</xmin>
			<ymin>1769</ymin>
			<xmax>1173</xmax>
			<ymax>2099</ymax>
		</bndbox>
	</object>
	<object>
		<name>With Bearing - Good</name>
		<pose>Unspecified</pose>
		<truncated>0</truncated>
		<difficult>0</difficult>
		<bndbox>
			<xmin>1712</xmin>
			<ymin>1942</ymin>
			<xmax>2019</xmax>
			<ymax>2273</ymax>
		</bndbox>
	</object>
	<object>
		<name>With Bearing - Good</name>
		<pose>Unspecified</pose>
		<truncated>0</truncated>
		<difficult>0</difficult>
		<bndbox>
			<xmin>1307</xmin>
			<ymin>1871</ymin>
			<xmax>1614</xmax>
			<ymax>2202</ymax>
		</bndbox>
	</object>
	<object>
		<name>With Bearing - Good</name>
		<pose>Unspecified</pose>
		<truncated>0</truncated>
		<difficult>0</difficult>
		<bndbox>
			<xmin>491</xmin>
			<ymin>1704</ymin>
			<xmax>798</xmax>
			<ymax>2034</ymax>
		</bndbox>
	</object>
</annotation>
