<annotation>
	<folder>images for training</folder>
	<filename>929BBC67-A48F-4C24-9700-A7BBA6B6AD6B - Copy - Copy (2) - Copy.jpeg</filename>
	<path>/home/raspberry4/Shared/Bearing/usingImageComparison/images for training/929BBC67-A48F-4C24-9700-A7BBA6B6AD6B - Copy - Copy (2) - Copy.jpeg</path>
	<source>
		<database>Unknown</database>
	</source>
	<size>
		<width>2448</width>
		<height>3264</height>
		<depth>3</depth>
	</size>
	<segmented>0</segmented>
	<object>
		<name>With Bearing - Good</name>
		<pose>Unspecified</pose>
		<truncated>0</truncated>
		<difficult>0</difficult>
		<bndbox>
			<xmin>517</xmin>
			<ymin>1704</ymin>
			<xmax>806</xmax>
			<ymax>2012</ymax>
		</bndbox>
	</object>
	<object>
		<name>With Bearing - Good</name>
		<pose>Unspecified</pose>
		<truncated>0</truncated>
		<difficult>0</difficult>
		<bndbox>
			<xmin>1708</xmin>
			<ymin>1946</ymin>
			<xmax>2015</xmax>
			<ymax>2276</ymax>
		</bndbox>
	</object>
	<object>
		<name>With Bearing - Good</name>
		<pose>Unspecified</pose>
		<truncated>0</truncated>
		<difficult>0</difficult>
		<bndbox>
			<xmin>1310</xmin>
			<ymin>1872</ymin>
			<xmax>1599</xmax>
			<ymax>2181</ymax>
		</bndbox>
	</object>
	<object>
		<name>With Bearing - Good</name>
		<pose>Unspecified</pose>
		<truncated>0</truncated>
		<difficult>0</difficult>
		<bndbox>
			<xmin>876</xmin>
			<ymin>1777</ymin>
			<xmax>1165</xmax>
			<ymax>2085</ymax>
		</bndbox>
	</object>
</annotation>
