<annotation>
	<folder>images for training</folder>
	<filename>929BBC67-A48F-4C24-9700-A7BBA6B6AD6B - Copy - Copy (3).jpeg</filename>
	<path>/home/raspberry4/Shared/Bearing/usingImageComparison/images for training/929BBC67-A48F-4C24-9700-A7BBA6B6AD6B - Copy - Copy (3).jpeg</path>
	<source>
		<database>Unknown</database>
	</source>
	<size>
		<width>2448</width>
		<height>3264</height>
		<depth>3</depth>
	</size>
	<segmented>0</segmented>
	<object>
		<name>With Bearing - Good</name>
		<pose>Unspecified</pose>
		<truncated>0</truncated>
		<difficult>0</difficult>
		<bndbox>
			<xmin>844</xmin>
			<ymin>1779</ymin>
			<xmax>1203</xmax>
			<ymax>2120</ymax>
		</bndbox>
	</object>
	<object>
		<name>With Bearing - Good</name>
		<pose>Unspecified</pose>
		<truncated>0</truncated>
		<difficult>0</difficult>
		<bndbox>
			<xmin>1697</xmin>
			<ymin>1945</ymin>
			<xmax>2056</xmax>
			<ymax>2287</ymax>
		</bndbox>
	</object>
	<object>
		<name>With Bearing - Good</name>
		<pose>Unspecified</pose>
		<truncated>0</truncated>
		<difficult>0</difficult>
		<bndbox>
			<xmin>1271</xmin>
			<ymin>1867</ymin>
			<xmax>1630</xmax>
			<ymax>2209</ymax>
		</bndbox>
	</object>
	<object>
		<name>With Bearing - Good</name>
		<pose>Unspecified</pose>
		<truncated>0</truncated>
		<difficult>0</difficult>
		<bndbox>
			<xmin>455</xmin>
			<ymin>1718</ymin>
			<xmax>814</xmax>
			<ymax>2059</ymax>
		</bndbox>
	</object>
</annotation>
