<annotation>
	<folder>images for training</folder>
	<filename>ED759B2D-3843-4E28-BF12-5396C7873361 - Copy - Copy - Copy.jpeg</filename>
	<path>/home/raspberry4/Shared/Bearing/usingImageComparison/images for training/ED759B2D-3843-4E28-BF12-5396C7873361 - Copy - Copy - Copy.jpeg</path>
	<source>
		<database>Unknown</database>
	</source>
	<size>
		<width>2448</width>
		<height>3264</height>
		<depth>3</depth>
	</size>
	<segmented>0</segmented>
	<object>
		<name>With Bearing - Good</name>
		<pose>Unspecified</pose>
		<truncated>0</truncated>
		<difficult>0</difficult>
		<bndbox>
			<xmin>1694</xmin>
			<ymin>1955</ymin>
			<xmax>2036</xmax>
			<ymax>2317</ymax>
		</bndbox>
	</object>
	<object>
		<name>With Bearing - Good</name>
		<pose>Unspecified</pose>
		<truncated>0</truncated>
		<difficult>0</difficult>
		<bndbox>
			<xmin>1268</xmin>
			<ymin>1874</ymin>
			<xmax>1610</xmax>
			<ymax>2236</ymax>
		</bndbox>
	</object>
	<object>
		<name>With Bearing - Good</name>
		<pose>Unspecified</pose>
		<truncated>0</truncated>
		<difficult>0</difficult>
		<bndbox>
			<xmin>853</xmin>
			<ymin>1772</ymin>
			<xmax>1195</xmax>
			<ymax>2134</ymax>
		</bndbox>
	</object>
	<object>
		<name>With Bearing - Good</name>
		<pose>Unspecified</pose>
		<truncated>0</truncated>
		<difficult>0</difficult>
		<bndbox>
			<xmin>486</xmin>
			<ymin>1666</ymin>
			<xmax>828</xmax>
			<ymax>2028</ymax>
		</bndbox>
	</object>
</annotation>
