<annotation>
	<folder>images for training</folder>
	<filename>ED759B2D-3843-4E28-BF12-5396C7873361 - Copy (4) - Copy.jpeg</filename>
	<path>/home/raspberry4/Shared/Bearing/usingImageComparison/images for training/ED759B2D-3843-4E28-BF12-5396C7873361 - Copy (4) - Copy.jpeg</path>
	<source>
		<database>Unknown</database>
	</source>
	<size>
		<width>2448</width>
		<height>3264</height>
		<depth>3</depth>
	</size>
	<segmented>0</segmented>
	<object>
		<name>With Bearing - Good</name>
		<pose>Unspecified</pose>
		<truncated>0</truncated>
		<difficult>0</difficult>
		<bndbox>
			<xmin>1692</xmin>
			<ymin>1920</ymin>
			<xmax>2034</xmax>
			<ymax>2283</ymax>
		</bndbox>
	</object>
	<object>
		<name>With Bearing - Good</name>
		<pose>Unspecified</pose>
		<truncated>0</truncated>
		<difficult>0</difficult>
		<bndbox>
			<xmin>1283</xmin>
			<ymin>1846</ymin>
			<xmax>1625</xmax>
			<ymax>2209</ymax>
		</bndbox>
	</object>
	<object>
		<name>With Bearing - Good</name>
		<pose>Unspecified</pose>
		<truncated>0</truncated>
		<difficult>0</difficult>
		<bndbox>
			<xmin>863</xmin>
			<ymin>1755</ymin>
			<xmax>1205</xmax>
			<ymax>2117</ymax>
		</bndbox>
	</object>
	<object>
		<name>With Bearing - Good</name>
		<pose>Unspecified</pose>
		<truncated>0</truncated>
		<difficult>0</difficult>
		<bndbox>
			<xmin>462</xmin>
			<ymin>1681</ymin>
			<xmax>804</xmax>
			<ymax>2043</ymax>
		</bndbox>
	</object>
</annotation>
