<annotation>
	<folder>images for training</folder>
	<filename>ED759B2D-3843-4E28-BF12-5396C7873361 - Copy (3) - Copy.jpeg</filename>
	<path>/home/raspberry4/Shared/Bearing/usingImageComparison/images for training/ED759B2D-3843-4E28-BF12-5396C7873361 - Copy (3) - Copy.jpeg</path>
	<source>
		<database>Unknown</database>
	</source>
	<size>
		<width>2448</width>
		<height>3264</height>
		<depth>3</depth>
	</size>
	<segmented>0</segmented>
	<object>
		<name>With Bearing - Good</name>
		<pose>Unspecified</pose>
		<truncated>0</truncated>
		<difficult>0</difficult>
		<bndbox>
			<xmin>1305</xmin>
			<ymin>1844</ymin>
			<xmax>1647</xmax>
			<ymax>2207</ymax>
		</bndbox>
	</object>
	<object>
		<name>With Bearing - Good</name>
		<pose>Unspecified</pose>
		<truncated>0</truncated>
		<difficult>0</difficult>
		<bndbox>
			<xmin>1693</xmin>
			<ymin>1946</ymin>
			<xmax>2035</xmax>
			<ymax>2309</ymax>
		</bndbox>
	</object>
	<object>
		<name>With Bearing - Good</name>
		<pose>Unspecified</pose>
		<truncated>0</truncated>
		<difficult>0</difficult>
		<bndbox>
			<xmin>853</xmin>
			<ymin>1762</ymin>
			<xmax>1195</xmax>
			<ymax>2124</ymax>
		</bndbox>
	</object>
	<object>
		<name>With Bearing - Good</name>
		<pose>Unspecified</pose>
		<truncated>0</truncated>
		<difficult>0</difficult>
		<bndbox>
			<xmin>482</xmin>
			<ymin>1677</ymin>
			<xmax>824</xmax>
			<ymax>2039</ymax>
		</bndbox>
	</object>
</annotation>
