<annotation>
	<folder>trainingData</folder>
	<filename>0A45C120-1261-470D-85DA-5905D1F26807.jpeg</filename>
	<path>/home/raspberry4/Shared/Bearing/usingImageComparison/trainingData/0A45C120-1261-470D-85DA-5905D1F26807.jpeg</path>
	<source>
		<database>Unknown</database>
	</source>
	<size>
		<width>2448</width>
		<height>3264</height>
		<depth>3</depth>
	</size>
	<segmented>0</segmented>
	<object>
		<name>No Bearing - NG</name>
		<pose>Unspecified</pose>
		<truncated>0</truncated>
		<difficult>0</difficult>
		<bndbox>
			<xmin>436</xmin>
			<ymin>1697</ymin>
			<xmax>819</xmax>
			<ymax>2093</ymax>
		</bndbox>
	</object>
	<object>
		<name>No Bearing - NG</name>
		<pose>Unspecified</pose>
		<truncated>0</truncated>
		<difficult>0</difficult>
		<bndbox>
			<xmin>856</xmin>
			<ymin>1714</ymin>
			<xmax>1243</xmax>
			<ymax>2179</ymax>
		</bndbox>
	</object>
	<object>
		<name>No Bearing - NG</name>
		<pose>Unspecified</pose>
		<truncated>0</truncated>
		<difficult>0</difficult>
		<bndbox>
			<xmin>1270</xmin>
			<ymin>1842</ymin>
			<xmax>1656</xmax>
			<ymax>2273</ymax>
		</bndbox>
	</object>
	<object>
		<name>No Bearing - NG</name>
		<pose>Unspecified</pose>
		<truncated>0</truncated>
		<difficult>0</difficult>
		<bndbox>
			<xmin>1698</xmin>
			<ymin>1924</ymin>
			<xmax>2101</xmax>
			<ymax>2359</ymax>
		</bndbox>
	</object>
</annotation>
