<annotation>
	<folder>trainingData</folder>
	<filename>2D3C142A-2DD8-4D35-98BD-833C0E689394.jpeg</filename>
	<path>/home/raspberry4/Shared/Bearing/usingImageComparison/trainingData/2D3C142A-2DD8-4D35-98BD-833C0E689394.jpeg</path>
	<source>
		<database>Unknown</database>
	</source>
	<size>
		<width>2448</width>
		<height>3264</height>
		<depth>3</depth>
	</size>
	<segmented>0</segmented>
	<object>
		<name>No Bearing - NG</name>
		<pose>Unspecified</pose>
		<truncated>0</truncated>
		<difficult>0</difficult>
		<bndbox>
			<xmin>405</xmin>
			<ymin>1673</ymin>
			<xmax>850</xmax>
			<ymax>2093</ymax>
		</bndbox>
	</object>
	<object>
		<name>No Bearing - NG</name>
		<pose>Unspecified</pose>
		<truncated>0</truncated>
		<difficult>0</difficult>
		<bndbox>
			<xmin>867</xmin>
			<ymin>1759</ymin>
			<xmax>1198</xmax>
			<ymax>2169</ymax>
		</bndbox>
	</object>
	<object>
		<name>No Bearing - NG</name>
		<pose>Unspecified</pose>
		<truncated>0</truncated>
		<difficult>0</difficult>
		<bndbox>
			<xmin>1263</xmin>
			<ymin>1828</ymin>
			<xmax>1663</xmax>
			<ymax>2252</ymax>
		</bndbox>
	</object>
	<object>
		<name>No Bearing - NG</name>
		<pose>Unspecified</pose>
		<truncated>0</truncated>
		<difficult>0</difficult>
		<bndbox>
			<xmin>1688</xmin>
			<ymin>1952</ymin>
			<xmax>2094</xmax>
			<ymax>2338</ymax>
		</bndbox>
	</object>
</annotation>
