<annotation>
	<folder>trainingData</folder>
	<filename>49A2717F-529D-4EFB-89DB-3494E5B4956C.jpeg</filename>
	<path>/home/raspberry4/Shared/Bearing/usingImageComparison/trainingData/49A2717F-529D-4EFB-89DB-3494E5B4956C.jpeg</path>
	<source>
		<database>Unknown</database>
	</source>
	<size>
		<width>2448</width>
		<height>3264</height>
		<depth>3</depth>
	</size>
	<segmented>0</segmented>
	<object>
		<name>No Bearing - NG</name>
		<pose>Unspecified</pose>
		<truncated>0</truncated>
		<difficult>0</difficult>
		<bndbox>
			<xmin>412</xmin>
			<ymin>1690</ymin>
			<xmax>819</xmax>
			<ymax>2104</ymax>
		</bndbox>
	</object>
	<object>
		<name>No Bearing - NG</name>
		<pose>Unspecified</pose>
		<truncated>0</truncated>
		<difficult>0</difficult>
		<bndbox>
			<xmin>856</xmin>
			<ymin>1766</ymin>
			<xmax>1239</xmax>
			<ymax>2159</ymax>
		</bndbox>
	</object>
	<object>
		<name>No Bearing - NG</name>
		<pose>Unspecified</pose>
		<truncated>0</truncated>
		<difficult>0</difficult>
		<bndbox>
			<xmin>1274</xmin>
			<ymin>1831</ymin>
			<xmax>1656</xmax>
			<ymax>2266</ymax>
		</bndbox>
	</object>
	<object>
		<name>No Bearing - NG</name>
		<pose>Unspecified</pose>
		<truncated>0</truncated>
		<difficult>0</difficult>
		<bndbox>
			<xmin>1688</xmin>
			<ymin>1914</ymin>
			<xmax>2101</xmax>
			<ymax>2345</ymax>
		</bndbox>
	</object>
</annotation>
