<annotation>
	<folder>trainingData</folder>
	<filename>929BBC67-A48F-4C24-9700-A7BBA6B6AD6B.jpeg</filename>
	<path>/home/raspberry4/Shared/Bearing/usingImageComparison/trainingData/929BBC67-A48F-4C24-9700-A7BBA6B6AD6B.jpeg</path>
	<source>
		<database>Unknown</database>
	</source>
	<size>
		<width>2448</width>
		<height>3264</height>
		<depth>3</depth>
	</size>
	<segmented>0</segmented>
	<object>
		<name>With Bearing - Good</name>
		<pose>Unspecified</pose>
		<truncated>0</truncated>
		<difficult>0</difficult>
		<bndbox>
			<xmin>443</xmin>
			<ymin>1683</ymin>
			<xmax>829</xmax>
			<ymax>2066</ymax>
		</bndbox>
	</object>
	<object>
		<name>With Bearing - Good</name>
		<pose>Unspecified</pose>
		<truncated>0</truncated>
		<difficult>0</difficult>
		<bndbox>
			<xmin>863</xmin>
			<ymin>1731</ymin>
			<xmax>1194</xmax>
			<ymax>2135</ymax>
		</bndbox>
	</object>
	<object>
		<name>With Bearing - Good</name>
		<pose>Unspecified</pose>
		<truncated>0</truncated>
		<difficult>0</difficult>
		<bndbox>
			<xmin>1272</xmin>
			<ymin>1853</ymin>
			<xmax>1658</xmax>
			<ymax>2236</ymax>
		</bndbox>
	</object>
	<object>
		<name>With Bearing - Good</name>
		<pose>Unspecified</pose>
		<truncated>0</truncated>
		<difficult>0</difficult>
		<bndbox>
			<xmin>1677</xmin>
			<ymin>1941</ymin>
			<xmax>2063</xmax>
			<ymax>2324</ymax>
		</bndbox>
	</object>
</annotation>
