<annotation>
	<folder>trainingData</folder>
	<filename>ED759B2D-3843-4E28-BF12-5396C7873361.jpeg</filename>
	<path>/home/raspberry4/Shared/Bearing/usingImageComparison/trainingData/ED759B2D-3843-4E28-BF12-5396C7873361.jpeg</path>
	<source>
		<database>Unknown</database>
	</source>
	<size>
		<width>2448</width>
		<height>3264</height>
		<depth>3</depth>
	</size>
	<segmented>0</segmented>
	<object>
		<name>With Bearing - Good</name>
		<pose>Unspecified</pose>
		<truncated>0</truncated>
		<difficult>0</difficult>
		<bndbox>
			<xmin>494</xmin>
			<ymin>1700</ymin>
			<xmax>832</xmax>
			<ymax>2073</ymax>
		</bndbox>
	</object>
	<object>
		<name>With Bearing - Good</name>
		<pose>Unspecified</pose>
		<truncated>0</truncated>
		<difficult>0</difficult>
		<bndbox>
			<xmin>861</xmin>
			<ymin>1756</ymin>
			<xmax>1199</xmax>
			<ymax>2129</ymax>
		</bndbox>
	</object>
	<object>
		<name>With Bearing - Good</name>
		<pose>Unspecified</pose>
		<truncated>0</truncated>
		<difficult>0</difficult>
		<bndbox>
			<xmin>1269</xmin>
			<ymin>1857</ymin>
			<xmax>1607</xmax>
			<ymax>2230</ymax>
		</bndbox>
	</object>
	<object>
		<name>With Bearing - Good</name>
		<pose>Unspecified</pose>
		<truncated>0</truncated>
		<difficult>0</difficult>
		<bndbox>
			<xmin>1684</xmin>
			<ymin>1924</ymin>
			<xmax>2032</xmax>
			<ymax>2321</ymax>
		</bndbox>
	</object>
</annotation>
