<annotation>
	<folder>trainingData</folder>
	<filename>IMG_20220913_103203.jpg</filename>
	<path>/home/raspberry4/Shared/Bearing/usingImageComparison/trainingData/IMG_20220913_103203.jpg</path>
	<source>
		<database>Unknown</database>
	</source>
	<size>
		<width>1800</width>
		<height>4000</height>
		<depth>3</depth>
	</size>
	<segmented>0</segmented>
	<object>
		<name>With Bearing - Good</name>
		<pose>Unspecified</pose>
		<truncated>0</truncated>
		<difficult>0</difficult>
		<bndbox>
			<xmin>856</xmin>
			<ymin>496</ymin>
			<xmax>1160</xmax>
			<ymax>792</ymax>
		</bndbox>
	</object>
	<object>
		<name>With Bearing - Good</name>
		<pose>Unspecified</pose>
		<truncated>0</truncated>
		<difficult>0</difficult>
		<bndbox>
			<xmin>834</xmin>
			<ymin>836</ymin>
			<xmax>1138</xmax>
			<ymax>1132</ymax>
		</bndbox>
	</object>
	<object>
		<name>With Bearing - Good</name>
		<pose>Unspecified</pose>
		<truncated>0</truncated>
		<difficult>0</difficult>
		<bndbox>
			<xmin>828</xmin>
			<ymin>1272</ymin>
			<xmax>1132</xmax>
			<ymax>1568</ymax>
		</bndbox>
	</object>
	<object>
		<name>With Bearing - Good</name>
		<pose>Unspecified</pose>
		<truncated>0</truncated>
		<difficult>0</difficult>
		<bndbox>
			<xmin>818</xmin>
			<ymin>1674</ymin>
			<xmax>1122</xmax>
			<ymax>1970</ymax>
		</bndbox>
	</object>
</annotation>
