<annotation>
	<folder>trainingData</folder>
	<filename>IMG_20220913_100144.jpg</filename>
	<path>/home/raspberry4/Shared/Bearing/usingImageComparison/trainingData/IMG_20220913_100144.jpg</path>
	<source>
		<database>Unknown</database>
	</source>
	<size>
		<width>4000</width>
		<height>1800</height>
		<depth>3</depth>
	</size>
	<segmented>0</segmented>
	<object>
		<name>No Bearing - NG</name>
		<pose>Unspecified</pose>
		<truncated>0</truncated>
		<difficult>0</difficult>
		<bndbox>
			<xmin>1219</xmin>
			<ymin>760</ymin>
			<xmax>1611</xmax>
			<ymax>1049</ymax>
		</bndbox>
	</object>
	<object>
		<name>No Bearing - NG</name>
		<pose>Unspecified</pose>
		<truncated>0</truncated>
		<difficult>0</difficult>
		<bndbox>
			<xmin>1656</xmin>
			<ymin>763</ymin>
			<xmax>1942</xmax>
			<ymax>1094</ymax>
		</bndbox>
	</object>
	<object>
		<name>No Bearing - NG</name>
		<pose>Unspecified</pose>
		<truncated>0</truncated>
		<difficult>0</difficult>
		<bndbox>
			<xmin>2013</xmin>
			<ymin>792</ymin>
			<xmax>2299</xmax>
			<ymax>1123</ymax>
		</bndbox>
	</object>
	<object>
		<name>No Bearing - NG</name>
		<pose>Unspecified</pose>
		<truncated>0</truncated>
		<difficult>0</difficult>
		<bndbox>
			<xmin>2331</xmin>
			<ymin>827</ymin>
			<xmax>2617</xmax>
			<ymax>1158</ymax>
		</bndbox>
	</object>
</annotation>
