<annotation>
	<folder>trainingData</folder>
	<filename>IMG_20220913_100209.jpg</filename>
	<path>/home/raspberry4/Shared/Bearing/usingImageComparison/trainingData/IMG_20220913_100209.jpg</path>
	<source>
		<database>Unknown</database>
	</source>
	<size>
		<width>1800</width>
		<height>4000</height>
		<depth>3</depth>
	</size>
	<segmented>0</segmented>
	<object>
		<name>With Bearing - Good</name>
		<pose>Unspecified</pose>
		<truncated>0</truncated>
		<difficult>0</difficult>
		<bndbox>
			<xmin>672</xmin>
			<ymin>1222</ymin>
			<xmax>958</xmax>
			<ymax>1553</ymax>
		</bndbox>
	</object>
	<object>
		<name>With Bearing - Good</name>
		<pose>Unspecified</pose>
		<truncated>0</truncated>
		<difficult>0</difficult>
		<bndbox>
			<xmin>607</xmin>
			<ymin>1670</ymin>
			<xmax>964</xmax>
			<ymax>2021</ymax>
		</bndbox>
	</object>
	<object>
		<name>With Bearing - Good</name>
		<pose>Unspecified</pose>
		<truncated>0</truncated>
		<difficult>0</difficult>
		<bndbox>
			<xmin>563</xmin>
			<ymin>2164</ymin>
			<xmax>920</xmax>
			<ymax>2515</ymax>
		</bndbox>
	</object>
	<object>
		<name>With Bearing - Good</name>
		<pose>Unspecified</pose>
		<truncated>0</truncated>
		<difficult>0</difficult>
		<bndbox>
			<xmin>531</xmin>
			<ymin>2600</ymin>
			<xmax>898</xmax>
			<ymax>2979</ymax>
		</bndbox>
	</object>
</annotation>
