<annotation>
	<folder>trainingData</folder>
	<filename>IMG_20220913_100150.jpg</filename>
	<path>/home/raspberry4/Shared/Bearing/usingImageComparison/trainingData/IMG_20220913_100150.jpg</path>
	<source>
		<database>Unknown</database>
	</source>
	<size>
		<width>4000</width>
		<height>1800</height>
		<depth>3</depth>
	</size>
	<segmented>0</segmented>
	<object>
		<name>No Bearing - NG</name>
		<pose>Unspecified</pose>
		<truncated>0</truncated>
		<difficult>0</difficult>
		<bndbox>
			<xmin>1298</xmin>
			<ymin>783</ymin>
			<xmax>1584</xmax>
			<ymax>1114</ymax>
		</bndbox>
	</object>
	<object>
		<name>No Bearing - NG</name>
		<pose>Unspecified</pose>
		<truncated>0</truncated>
		<difficult>0</difficult>
		<bndbox>
			<xmin>1699</xmin>
			<ymin>806</ymin>
			<xmax>1985</xmax>
			<ymax>1137</ymax>
		</bndbox>
	</object>
	<object>
		<name>No Bearing - NG</name>
		<pose>Unspecified</pose>
		<truncated>0</truncated>
		<difficult>0</difficult>
		<bndbox>
			<xmin>2141</xmin>
			<ymin>840</ymin>
			<xmax>2427</xmax>
			<ymax>1171</ymax>
		</bndbox>
	</object>
	<object>
		<name>No Bearing - NG</name>
		<pose>Unspecified</pose>
		<truncated>0</truncated>
		<difficult>0</difficult>
		<bndbox>
			<xmin>2526</xmin>
			<ymin>863</ymin>
			<xmax>2812</xmax>
			<ymax>1194</ymax>
		</bndbox>
	</object>
</annotation>
